<toolSet name="Django Tools">
  <tool name="Run Django Dev Server" description="Run the Django builtin development server" showInMainMenu="false" showInEditor="false" showInProject="false" showInSearchPopup="false" disabled="false" useConsole="true" showConsoleOnStdOut="true" showConsoleOnStdErr="true" synchronizeAfterRun="true">
    <exec>
      <option name="COMMAND" value="$PyInterpreterDirectory$/python" />
      <option name="PARAMETERS" value="manage.py runserver" />
      <option name="WORKING_DIRECTORY" value="$FileDirName$" />
    </exec>
  </tool>
  <tool name="Start Django Project" description="Call django-admin startproject to initialize a site" showInMainMenu="true" showInEditor="true" showInProject="true" showInSearchPopup="true" disabled="false" useConsole="true" showConsoleOnStdOut="false" showConsoleOnStdErr="false" synchronizeAfterRun="true">
    <exec>
      <option name="COMMAND" value="django-admin" />
      <option name="PARAMETERS" value="startproject $Prompt$" />
      <option name="WORKING_DIRECTORY" value="$FilePrompt$" />
    </exec>
  </tool>
  <tool name="Add Django App" description="Add app to existing Django site" showInMainMenu="true" showInEditor="true" showInProject="true" showInSearchPopup="true" disabled="false" useConsole="true" showConsoleOnStdOut="false" showConsoleOnStdErr="false" synchronizeAfterRun="true">
    <exec>
      <option name="COMMAND" value="$JDKPath$" />
      <option name="PARAMETERS" value="manage.py startapp $Prompt$" />
      <option name="WORKING_DIRECTORY" value="$FileDir$" />
    </exec>
  </tool>
  <tool name="Make migrations" description="call manage.py makemigrations" showInMainMenu="true" showInEditor="true" showInProject="true" showInSearchPopup="true" disabled="false" useConsole="true" showConsoleOnStdOut="false" showConsoleOnStdErr="false" synchronizeAfterRun="true">
    <exec>
      <option name="COMMAND" value="$JDKPath$" />
      <option name="PARAMETERS" value="manage.py makemigrations" />
      <option name="WORKING_DIRECTORY" value="$FileDir$" />
    </exec>
  </tool>
  <tool name="Migrate" description="call manage.py migrate" showInMainMenu="true" showInEditor="true" showInProject="true" showInSearchPopup="true" disabled="false" useConsole="true" showConsoleOnStdOut="false" showConsoleOnStdErr="false" synchronizeAfterRun="true">
    <exec>
      <option name="COMMAND" value="$JDKPath$" />
      <option name="PARAMETERS" value="manage.py migrate" />
      <option name="WORKING_DIRECTORY" value="$FileDir$" />
    </exec>
  </tool>
</toolSet>