<application>
  <component name="FileTypeManager" version="18">
    <ignoreFiles list="*$py.class;*.pyc;*.pyo;*.rbc;*.yarb;*~;.DS_Store;.git;.hg;.svn;CVS;RCS;SCCS;__pycache__;_svn;rcs;vssver.scc;vssver2.scc;" />
    <extensionMap>
      <mapping pattern="mystery" type="AUTO_DETECTED" />
      <mapping ext="asc" type="AsciiDoc" />
      <mapping pattern="regex_syntax" type="PLAIN_TEXT" />
      <mapping pattern="dontdothis.py" type="PLAIN_TEXT" />
      <mapping pattern="package_tree" type="PLAIN_TEXT" />
      <mapping pattern="git_create_tag" type="PLAIN_TEXT" />
      <mapping pattern="glore" type="PLAIN_TEXT" />
      <mapping pattern="git_list_tags" type="PLAIN_TEXT" />
      <mapping pattern="package_layout" type="PLAIN_TEXT" />
      <mapping pattern="Chapter 5 Lab" type="PLAIN_TEXT" />
      <mapping pattern="all_comprehensions" type="PLAIN_TEXT" />
      <mapping pattern="wombat" type="PLAIN_TEXT" />
      <mapping pattern="git_init_callouts" type="PLAIN_TEXT" />
      <mapping pattern="regex syntax" type="PLAIN_TEXT" />
      <mapping pattern="boto3_upload_word_lists" type="PLAIN_TEXT" />
      <mapping pattern="LICENSE" type="PLAIN_TEXT" />
      <mapping pattern="steps_for_pip" type="PLAIN_TEXT" />
      <mapping pattern="midclass_eval_url" type="PLAIN_TEXT" />
      <mapping pattern="token" type="PLAIN_TEXT" />
      <mapping pattern="unit_test_nomenclature" type="PLAIN_TEXT" />
      <mapping pattern="struct_example" type="PLAIN_TEXT" />
      <mapping pattern="github info" type="PLAIN_TEXT" />
      <mapping pattern="checkin_link" type="PLAIN_TEXT" />
      <mapping pattern="package layout" type="PLAIN_TEXT" />
      <mapping pattern="chap_four_labs" type="PLAIN_TEXT" />
      <mapping pattern="regex_patterns" type="PLAIN_TEXT" />
      <mapping pattern="PRODUCE" type="PLAIN_TEXT" />
      <mapping ext="callouts" type="PLAIN_TEXT" />
      <mapping ext="scss" type="PLAIN_TEXT" />
      <mapping ext="in" type="PLAIN_TEXT" />
      <mapping ext="pic" type="PLAIN_TEXT" />
      <mapping ext="dataclass" type="PLAIN_TEXT" />
      <mapping ext="java" type="Python" />
      <mapping pattern="main" type="ReST" />
      <removed_mapping ext="log" approved="true" type="ANSI Aware" />
      <removed_mapping ext="txt" approved="true" type="PLAIN_TEXT" />
    </extensionMap>
  </component>
</application>